id	context_id	question_text	expected_answer
q001	ctx001	Does the solar system have eight planets?	YES
q002	ctx001	Is Mercury the farthest planet from the Sun?	NO
q003	ctx001	Does Venus have an atmosphere?	YES
q004	ctx001	Is Earth known as the Red Planet?	NO
q005	ctx001	Does Earth have liquid water on its surface?	YES
q006	ctx001	Is Mars known as the Red Planet?	YES
q007	ctx001	Is Jupiter the smallest planet?	NO
q008	ctx001	Does Jupiter have a Great Red Spot?	YES
q009	ctx001	Is Saturn known for its ring system?	YES
q010	ctx001	Does Uranus rotate on its side?	YES
q011	ctx001	Is Uranus closer to the Sun than Mercury?	NO
q012	ctx001	Does Neptune have the strongest winds in the solar system?	YES
q013	ctx001	Is Neptune the closest planet to the Sun?	NO
q014	ctx002	Are all planets in the solar system gas giants?	NO
q015	ctx002	Does the Sun orbit around the planets?	NO
q016	ctx002	Does Mercury have no atmosphere?	YES
q017	ctx002	Is Earth the only known planet to support life?	YES
q018	ctx002	Does Saturn's ring system consist of solid rings only?	NO
q019	ctx002	Is Jupiter larger than Earth?	YES
q020	ctx002	Does Mars have iron oxide on its surface?	YES
q021	ctx002	Does photosynthesis convert sunlight into energy?	YES
q022	ctx002	Do plants use carbon dioxide during photosynthesis?	YES
q023	ctx002	Does photosynthesis occur in the roots of plants?	NO
q024	ctx002	Is chlorophyll used to absorb sunlight in photosynthesis?	YES
q025	ctx002	Does photosynthesis produce carbon dioxide as a byproduct?	NO
q026	ctx002	Is glucose produced during photosynthesis?	YES
q027	ctx002	Does photosynthesis primarily occur in the leaves?	YES
q028	ctx002	Are chloroplasts where photosynthesis occurs?	YES
q029	ctx002	Does photosynthesis release oxygen?	YES
q030	ctx002	Is water used during photosynthesis?	YES
q031	ctx002	Is photosynthesis essential for life on Earth?	YES
q032	ctx002	Do plants absorb oxygen during photosynthesis?	NO
q033	ctx002	Does glucose serve as food for the plant?	YES
q034	ctx002	Is photosynthesis the base of most food chains?	YES
q035	ctx003	Does the American Civil War occur from 1861 to 1865?	YES
q036	ctx003	Was the Civil War fought between the North and South?	YES
q037	ctx003	Was Abraham Lincoln the leader of the Confederacy?	NO
q038	ctx003	Was slavery a primary cause of the Civil War?	YES
q039	ctx003	Was the Union led by Jefferson Davis?	NO
q040	ctx003	Was Gettysburg a major battle in the Civil War?	YES
q041	ctx003	Did the Union win the Civil War?	YES
q042	ctx003	Was slavery abolished through the 13th Amendment?	YES
q043	ctx003	Was the Civil War the deadliest war in American history?	YES
q044	ctx003	Did over 100,000 soldiers die in the Civil War?	NO
q045	ctx003	Was Antietam a major battle in the Civil War?	YES
q046	ctx003	Did the Confederacy win the Civil War?	NO
q047	ctx003	Was Vicksburg a major battle in the Civil War?	YES
q048	ctx003	Were states' rights a cause of the Civil War?	YES
q049	ctx004	Did DNA carry genetic information?	YES
q050	ctx004	Does DNA have a single strand structure?	NO
q051	ctx004	Is DNA organized into chromosomes?	YES
q052	ctx004	Does adenine pair with cytosine?	NO
q053	ctx004	Does guanine pair with cytosine?	YES
q054	ctx004	Does DNA contain four types of bases?	YES
q055	ctx004	Is thymine one of the DNA bases?	YES
q056	ctx004	Is DNA found in the nucleus of cells?	YES
q057	ctx004	Does DNA have a double helix structure?	YES
q058	ctx004	Do humans have 23 pairs of chromosomes?	YES
q059	ctx004	Does human DNA contain approximately 3 billion base pairs?	YES
q060	ctx004	Is DNA made of nucleotides?	YES
q061	ctx004	Does uracil appear in DNA?	NO
q062	ctx005	Did the Industrial Revolution begin in the United States?	NO
q063	ctx005	Did the Industrial Revolution begin in Britain?	YES
q064	ctx005	Was the steam engine a key invention of the Industrial Revolution?	YES
q065	ctx005	Did the Industrial Revolution lead to urbanization?	YES
q066	ctx005	Did the Industrial Revolution reduce production efficiency?	NO
q067	ctx005	Was the spinning jenny invented during the Industrial Revolution?	YES
q068	ctx005	Did the Industrial Revolution improve working conditions?	NO
q069	ctx005	Was the power loom an invention of the Industrial Revolution?	YES
q070	ctx005	Did the Industrial Revolution lead to environmental pollution?	YES
q071	ctx005	Did the Industrial Revolution use machine manufacturing?	YES
q072	ctx005	Did the Industrial Revolution occur in the late 18th century?	YES
q073	ctx005	Did child labor increase during the Industrial Revolution?	YES
q074	ctx006	Does quantum mechanics describe nature at small scales?	YES
q075	ctx006	Is wave-particle duality a principle of quantum mechanics?	YES
q076	ctx006	Does the uncertainty principle allow perfect measurement of all properties?	NO
q077	ctx006	Can quantum systems exist in multiple states at once?	YES
q078	ctx006	Did quantum mechanics lead to the invention of transistors?	YES
q079	ctx006	Is superposition a principle of quantum mechanics?	YES
q080	ctx006	Can particles exhibit both wave-like and particle-like properties?	YES
q081	ctx006	Does quantum mechanics apply only to large objects?	NO
q082	ctx006	Did quantum mechanics lead to the development of lasers?	YES
q083	ctx006	Is quantum computing related to quantum mechanics?	YES
q084	ctx007	Does the human heart have four chambers?	YES
q085	ctx007	Does blood enter the right atrium from the lungs?	NO
q086	ctx007	Does the left ventricle pump blood to the body?	YES
q087	ctx007	Is the sinoatrial node the natural pacemaker of the heart?	YES
q088	ctx007	Does the heart have three chambers?	NO
q089	ctx007	Is blood pumped to the lungs from the right ventricle?	YES
q090	ctx007	Does a healthy heart beat 1000 times per minute at rest?	NO
q091	ctx007	Does the heart have an electrical system?	YES
q092	ctx007	Does oxygenated blood enter the left atrium?	YES
q093	ctx008	Is carbon dioxide a greenhouse gas?	YES
q094	ctx008	Is the burning of fossil fuels a primary cause of climate change?	YES
q095	ctx008	Does climate change cause global cooling?	NO
q096	ctx008	Is methane a greenhouse gas?	YES
q097	ctx008	Does climate change include rising sea levels?	YES
q098	ctx008	Is the Paris Agreement related to climate change?	YES
q099	ctx008	Does climate change cause melting ice caps?	YES
q100	ctx008	Is solar power a renewable energy source?	YES
q101	ctx008	Does wind power produce greenhouse gases?	NO
q102	ctx008	Does the Paris Agreement aim to limit warming to 2 degrees Celsius?	YES
q103	ctx008	Is climate change a short-term weather pattern?	NO
q104	ctx009	Did the Renaissance begin in Italy?	YES
q105	ctx009	Was the Renaissance a cultural movement?	YES
q106	ctx009	Did the Renaissance begin in the 14th century?	YES
q107	ctx009	Was Leonardo da Vinci a figure of the Renaissance?	YES
q108	ctx009	Was the printing press invented during the Renaissance?	YES
q109	ctx009	Did the Renaissance mark a transition from modernity to the Middle Ages?	NO
q110	ctx009	Was Shakespeare a Renaissance figure?	YES
q111	ctx009	Did the Renaissance emphasize humanism?	YES
q112	ctx009	Did the Renaissance only occur in Italy?	NO
q113	ctx009	Was Galileo a figure of the Renaissance?	YES
q114	ctx009	Did the Renaissance lead to increased scientific inquiry?	YES
q115	ctx010	Does machine learning enable computers to learn from data?	YES
q116	ctx010	Is machine learning a type of artificial intelligence?	YES
q117	ctx010	Does supervised learning use unlabeled data?	NO
q118	ctx010	Is reinforcement learning a type of machine learning?	YES
q119	ctx010	Do neural networks use labeled data to train?	YES
q120	ctx010	Does machine learning require explicit programming?	NO
q121	ctx010	Is k-means clustering a machine learning algorithm?	YES
q122	ctx010	Does unsupervised learning use labeled data?	NO
q123	ctx010	Is image recognition an application of machine learning?	YES
q124	ctx010	Do support vector machines require labeled data for training?	YES
q125	ctx010	Is natural language processing a machine learning application?	YES
q126	ctx010	Does machine learning have three main types?	YES
q127	ctx010	Does reinforcement learning involve trial and error?	YES
q128	ctx010	Do decision trees use labeled data?	YES
q129	ctx010	Is recommendation system a machine learning application?	YES
q130	ctx010	Does unsupervised learning find patterns in unlabeled data?	YES
q131	ctx011	Is Marcus male?	YES
q132	ctx011	Does Marcus wear a white shirt to his interview?	NO
q133	ctx011	Does Sarah suggest Marcus wear a blue shirt?	YES
q134	ctx011	Does Marcus take off his clothes during the text?	YES
q135	ctx011	Does Marcus have a job before the interview?	NO
q136	ctx011	Does Marcus eat something in this text?	NO
q137	ctx011	Does Marcus put on a blazer?	YES
q138	ctx011	Does Marcus get the job?	YES
q139	ctx011	Does Sarah go to the interview with Marcus?	NO
q140	ctx011	Does Marcus drink coffee?	YES
q141	ctx011	Is Marcus female?	NO
q142	ctx011	Does Marcus walk to the interview?	YES
q143	ctx011	Does Marcus work on a novel?	NO
q144	ctx011	Does Marcus wear a tie?	YES
q145	ctx011	Does the interview last two hours?	YES
q146	ctx012	Is Elena writing a book?	YES
q147	ctx012	Does Elena eat something in this text?	YES
q148	ctx012	Is Elena's cat named Fluffy?	NO
q149	ctx012	Does Elena take a break from writing?	YES
q150	ctx012	Does Elena eat pasta?	YES
q151	ctx012	Does Elena go outside during the text?	NO
q152	ctx012	Is Elena's cat named Whiskers?	YES
q153	ctx012	Does Elena feed her cat treats?	YES
q154	ctx012	Does Elena write more than three paragraphs?	NO
q155	ctx012	Is Elena male?	NO
q156	ctx012	Does Elena drink something?	YES
q157	ctx012	Does Elena read a newspaper?	NO
q158	ctx012	Does Elena clean up a mess?	NO
q159	ctx012	Does Elena finish her novel?	NO
q160	ctx012	Does Elena stand while eating?	YES
q161	ctx013	Does the family reunion happen indoors?	NO
q162	ctx013	Does Grandma Clara bring apple pie?	YES
q163	ctx013	Does Uncle Tom bring alcohol?	YES
q164	ctx013	Does Dad cook burgers?	YES
q165	ctx013	Does Maya spill juice?	YES
q166	ctx013	Is Liam Maya's brother?	YES
q167	ctx013	Does Dad cook hot dogs?	YES
q168	ctx013	Does Mom set the table with real plates?	NO
q169	ctx013	Do the children sit quietly?	NO
q170	ctx013	Does Maya cry?	YES
q171	ctx013	Does Liam help clean the mess?	YES
q172	ctx013	Does anyone take photos?	YES
q173	ctx013	Is Clara male?	NO
q174	ctx013	Does Tom bring food?	NO
q175	ctx013	Do teenagers play outside?	NO
q176	ctx014	Does Emma buy a winter coat?	YES
q177	ctx014	Does Emma buy shoes?	YES
q178	ctx014	Does Emma buy a necklace?	YES
q179	ctx014	Does Emma accept the store credit card?	NO
q180	ctx014	Does Emma drive home?	YES
q181	ctx014	Does Emma buy medicine?	YES
q182	ctx014	Is Emma male?	NO
q183	ctx014	Does Emma try on several pairs of shoes?	YES
q184	ctx014	Does Emma buy a gift for her father?	NO
q185	ctx014	Does Emma pay with cash?	NO
q186	ctx014	Does Emma shop online?	NO
q187	ctx014	Does Emma buy a white coat?	NO
q188	ctx014	Does Emma buy comfortable shoes?	YES
q189	ctx014	Does Emma visit a pharmacy?	YES
q190	ctx014	Does Emma walk home?	NO
q191	ctx015	Does Jasmine order coffee?	YES
q192	ctx015	Does Maya order coffee?	NO
q193	ctx015	Does Jasmine eat a muffin?	YES
q194	ctx015	Does Maya pay with cash?	YES
q195	ctx015	Does Jasmine spoil the ending of the book?	YES
q196	ctx015	Do they buy roasted nuts?	YES
q197	ctx015	Do they go to a park?	YES
q198	ctx015	Is Maya annoyed with Jasmine?	YES
q199	ctx015	Does Jasmine pay?	NO
q200	ctx015	Does Maya order tea?	YES
q201	ctx015	Do they meet at a bookstore café?	YES
q202	ctx015	Do they share food?	YES
q203	ctx015	Does Jasmine eat a donut?	NO
q204	ctx015	Do they visit the park at night?	NO
q205	ctx015	Is Maya male?	NO
q206	ctx016	Does David wake up early?	YES
q207	ctx016	Does David go running?	YES
q208	ctx016	Does David eat eggs?	YES
q209	ctx016	Does David take the subway to work?	YES
q210	ctx016	Does David drink water while running?	YES
q211	ctx016	Does David watch TV while eating?	YES
q212	ctx016	Does David drive to work?	NO
q213	ctx016	Does David have a job?	YES
q214	ctx016	Does David eat cereal?	NO
q215	ctx016	Does David exercise in a gym?	NO
q216	ctx016	Does David sleep late?	NO
q217	ctx016	Does David go to bed during the text?	NO
q218	ctx016	Does David run for less than an hour?	YES
q219	ctx016	Does David take a shower?	YES
q220	ctx016	Does David work from home?	NO
q221	ctx017	Do Alex and Taylor host a dinner party?	YES
q222	ctx017	Does Taylor cook?	YES
q223	ctx017	Does Alex set the table?	YES
q224	ctx017	Do they serve chicken?	YES
q225	ctx017	Does Taylor serve dessert?	YES
q226	ctx017	Do they have six guests?	YES
q227	ctx017	Does anyone pay for the food?	NO
q228	ctx017	Do they eat cake for dessert?	YES
q229	ctx017	Do they clean up after midnight?	YES
q230	ctx017	Do guests arrive before 7 PM?	NO
q231	ctx017	Does Taylor cook vegetables?	YES
q232	ctx017	Does Alex cook?	NO
q233	ctx017	Do they serve wine?	YES
q234	ctx017	Do guests leave early?	NO
q235	ctx017	Is Alex female?	YES
q236	ctx018	Does Nora check into a hotel?	YES
q237	ctx018	Does Nora drive to the hotel?	NO
q238	ctx018	Does Nora's room face the ocean?	YES
q239	ctx018	Does Nora unpack her suitcase?	YES
q240	ctx018	Does Nora take a nap?	YES
q241	ctx018	Does Nora eat fish and chips?	YES
q242	ctx018	Does Nora go to the beach?	YES
q243	ctx018	Does Nora collect seashells?	YES
q244	ctx018	Does Nora stay on the first floor?	NO
q245	ctx018	Does Nora eat dinner in her room?	NO
q246	ctx018	Does Nora go swimming?	NO
q247	ctx018	Does Nora nap for more than two hours?	NO
q248	ctx018	Does Nora stay the night?	YES
q249	ctx018	Does Nora eat by candlelight?	NO
q250	ctx018	Does Nora travel alone?	YES
q251	ctx019	Does Leo take piano lessons?	YES
q252	ctx019	Is Leo seven years old?	YES
q253	ctx019	"Does Leo play ""Twinkle, Twinkle, Little Star""?"	YES
q254	ctx019	Does Mrs. Henderson give Leo candy?	YES
q255	ctx019	Does Maria pay for the lesson?	YES
q256	ctx019	Is Mrs. Henderson male?	NO
q257	ctx019	Is Leo male?	YES
q258	ctx019	Does Leo eat during the lesson?	NO
q259	ctx019	Does Maria wait in the living room?	NO
q260	ctx019	Does Leo learn a new song?	NO
q261	ctx019	Do they go to the grocery store?	YES
q262	ctx019	Does Leo struggle with the lesson?	YES
q263	ctx019	Is Maria Leo's mother?	YES
q264	ctx019	Does Leo finish without mistakes?	NO
q265	ctx019	Does Leo learn to play the guitar?	NO
q266	ctx020	Does the electricity go out?	YES
q267	ctx020	Do Michael and Jessica light candles?	YES
q268	ctx020	Does Michael open the refrigerator?	YES
q269	ctx020	Does Jessica find a flashlight?	YES
q270	ctx020	Does Michael start a fire?	YES
q271	ctx020	Do they eat crackers?	YES
q272	ctx020	Does the electricity come back on?	YES
q273	ctx020	Is Lucas their son?	YES
q274	ctx020	Does Lucas cry?	NO
q275	ctx020	Does Michael close the refrigerator damper?	NO
q276	ctx020	Does Jessica go outside?	NO
q277	ctx020	Do they eat a full meal?	NO
q278	ctx020	Does the power stay out all night?	NO
q279	ctx020	Is Lucas scared?	NO
q280	ctx020	Does Michael use the fireplace?	YES
q281	ctx021	Is plate tectonics a scientific theory?	YES
q282	ctx021	Are Earth's plates stationary?	NO
q283	ctx021	Do plates float on the asthenosphere?	YES
q284	ctx021	Are there three main types of plate boundaries?	YES
q285	ctx021	Do divergent boundaries involve plates colliding?	NO
q286	ctx021	Do plates move apart at divergent boundaries?	YES
q287	ctx021	Is magma created at divergent boundaries?	YES
q288	ctx021	Do convergent boundaries form mountains?	YES
q289	ctx021	Do transform boundaries involve vertical movement?	NO
q290	ctx021	Does plate tectonics explain earthquakes?	YES
q291	ctx021	Is the lithosphere a semi-fluid layer?	NO
q292	ctx021	Does one plate subduct at convergent boundaries?	YES
q293	ctx022	Is the water cycle also called the hydrologic cycle?	YES
q294	ctx022	Does water evaporate from oceans?	YES
q295	ctx022	Do plants contribute to the water cycle?	YES
q296	ctx022	Is transpiration the process of water absorption by roots?	NO
q297	ctx022	Do plants release water vapor through transpiration?	YES
q298	ctx022	Does condensation form clouds?	YES
q299	ctx022	Does precipitation only occur as rain?	NO
q300	ctx022	Can precipitation be snow?	YES
q301	ctx022	Does some water become groundwater?	YES
q302	ctx022	Is runoff water that flows over land?	YES
q303	ctx022	Does the water cycle support all life forms?	YES
q304	ctx022	Is water vapor a gas?	YES
q305	ctx023	Did World War I begin in 1914?	YES
q306	ctx023	Was World War I fought only in Europe?	NO
q307	ctx023	Was Archduke Franz Ferdinand assassinated?	YES
q308	ctx023	Was the United States a Central Power?	NO
q309	ctx023	Was Germany a Central Power?	YES
q310	ctx023	Was Britain an Allied Power?	YES
q311	ctx023	Did the war introduce tanks?	YES
q312	ctx023	Was trench warfare common on the Western Front?	YES
q313	ctx023	Did the war end with Germany's victory?	NO
q314	ctx023	Did the Treaty of Versailles redraw boundaries?	YES
q315	ctx023	Were machine guns used in WWI?	YES
q316	ctx023	Did airplanes exist during WWI?	YES
q317	ctx024	Does digestion begin in the stomach?	NO
q318	ctx024	Does digestion begin in the mouth?	YES
q319	ctx024	Is food broken down by enzymes?	YES
q320	ctx024	Does food travel through the esophagus?	YES
q321	ctx024	Is most nutrient absorption in the small intestine?	YES
q322	ctx024	Does the large intestine absorb water?	YES
q323	ctx024	Does the pancreas produce bile?	NO
q324	ctx024	Does the liver produce bile?	YES
q325	ctx024	Does the digestive system include the liver?	YES
q326	ctx024	Is waste eliminated through the rectum?	YES
q327	ctx025	Is electricity the movement of charged particles?	YES
q328	ctx025	Do electrons flow in metals?	YES
q329	ctx025	Is voltage measured in ohms?	NO
q330	ctx025	Is voltage measured in volts?	YES
q331	ctx025	Is resistance measured in ohms?	YES
q332	ctx025	Does Ohm's Law relate current, voltage, and resistance?	YES
q333	ctx025	Can electric circuits be series or parallel?	YES
q334	ctx025	Is solar power a source of electricity generation?	YES
q335	ctx025	Is wind power a renewable energy source?	YES
q336	ctx025	Does resistance oppose current flow?	YES
q337	ctx026	Does the immune system defend against infections?	YES
q338	ctx026	Are white blood cells part of the immune system?	YES
q339	ctx026	Is the spleen part of the immune system?	YES
q340	ctx026	Is innate immunity specific to particular pathogens?	NO
q341	ctx026	Does adaptive immunity develop specific responses?	YES
q342	ctx026	Do B cells produce antibodies?	YES
q343	ctx026	Do T cells attack infected cells?	YES
q344	ctx026	Does vaccination stimulate adaptive immunity?	YES
q345	ctx026	Can immune system malfunction cause autoimmune diseases?	YES
q346	ctx026	Is skin part of innate immunity?	YES
q347	ctx027	Was Ancient Egypt located along the Nile River?	YES
q348	ctx027	Were pharaohs considered divine rulers?	YES
q349	ctx027	Did Egyptians develop hieroglyphic writing?	YES
q350	ctx027	Did Egyptians build the Great Pyramid of Giza?	YES
q351	ctx027	Were pyramids built as tombs?	YES
q352	ctx027	Did Egyptians practice mummification?	YES
q353	ctx027	Was Ancient Egypt a short-lived civilization?	NO
q354	ctx027	Did Egypt contribute to astronomy?	YES
q355	ctx027	Were farmers at the top of Egyptian society?	NO
q356	ctx027	Did Egyptian civilization last over 3,000 years?	YES
q357	ctx028	Did the French Revolution begin in 1789?	YES
q358	ctx028	Was the storming of the Bastille a key event?	YES
q359	ctx028	Did the revolution abolish the monarchy?	YES
q360	ctx028	Was the Reign of Terror led by Robespierre?	YES
q361	ctx028	Did Napoleon rise to power during the revolution?	YES
q362	ctx028	Did the revolution establish a republic?	YES
q363	ctx028	Was the Declaration of the Rights of Man created?	YES
q364	ctx028	Did the revolution spread ideas of democracy?	YES
q365	ctx028	Was the revolution caused by social equality?	NO
q366	ctx028	Were feudal privileges abolished?	YES
q367	ctx028	Did the revolution inspire independence movements?	YES
q369	ctx029	Does cellular respiration produce ATP?	YES
q370	ctx029	Is glycolysis the first stage of cellular respiration?	YES
q371	ctx029	Does glycolysis occur in the mitochondria?	NO
q372	ctx029	Does glycolysis occur in the cytoplasm?	YES
q373	ctx029	Does the citric acid cycle occur in mitochondria?	YES
q374	ctx029	Is oxygen the final electron acceptor?	YES
q375	ctx029	Does oxidative phosphorylation produce the most ATP?	YES
q376	ctx029	Does glycolysis break down glucose into pyruvate?	YES
q377	ctx029	Is cellular respiration essential for energy production?	YES
q378	ctx029	Does the process occur in all living organisms?	YES
q379	ctx030	Are artificial neural networks inspired by biological neural networks?	YES
q380	ctx030	Do neural networks consist of interconnected nodes?	YES
q381	ctx030	Are there input, hidden, and output layers?	YES
q382	ctx030	Do connections have adjustable weights?	YES
q383	ctx030	Does backpropagation adjust weights during training?	YES
q384	ctx030	Is deep learning related to neural networks?	YES
q385	ctx030	Do neural networks learn from training data?	YES
q386	ctx030	Can neural networks be used for image recognition?	YES
q387	ctx030	Have neural networks surpassed human performance in some tasks?	YES
q388	ctx030	Is natural language processing an application of neural networks?	YES
q389	ctx031	Is the metric system based on powers of ten?	YES
q390	ctx031	Is the meter the base unit for length?	YES
q391	ctx031	Is a kilometer 100 meters?	NO
q392	ctx031	Is a kilometer 1,000 meters?	YES
q393	ctx031	Is the gram the base unit for mass?	YES
q394	ctx031	Is a kilogram 1,000 grams?	YES
q395	ctx031	Is a centimeter 0.1 meters?	NO
q396	ctx031	Is a centimeter 0.01 meters?	YES
q397	ctx031	Is temperature measured in degrees Celsius?	YES
q398	ctx031	Does water freeze at 100°C?	NO
q399	ctx031	Does water boil at 100°C?	YES
q400	ctx032	Did Newton develop laws of motion?	YES
q401	ctx032	Is Newton's first law the law of inertia?	YES
q402	ctx032	Does an object in motion stay in motion without external force?	YES
q403	ctx032	Is Newton's second law F=ma?	YES
q404	ctx032	Is force proportional to mass?	NO
q405	ctx032	Is acceleration proportional to force?	YES
q406	ctx032	Is Newton's third law about action and reaction?	YES
q407	ctx032	Do actions have equal and opposite reactions?	YES
q408	ctx032	Do these laws form classical mechanics?	YES
q409	ctx033	Does the periodic table organize chemical elements?	YES
q410	ctx033	Are elements organized by atomic number?	YES
q411	ctx033	Are there periods and groups in the periodic table?	YES
q412	ctx033	Do elements in the same group have similar properties?	YES
q413	ctx033	Is hydrogen in the first period?	YES
q434	ctx033	Are noble gases chemically inert?	YES
q435	ctx033	Are noble gases in group 18?	YES
q436	ctx033	Is iron a transition metal?	YES
q437	ctx033	Is gold a nonmetal?	NO
q438	ctx033	Does the periodic table help predict chemical reactions?	YES
q439	ctx034	Are photosynthesis and cellular respiration complementary?	YES
q440	ctx034	Does photosynthesis use carbon dioxide?	YES
q441	ctx034	Does photosynthesis produce oxygen?	YES
q442	ctx034	Does cellular respiration use oxygen?	YES
q443	ctx034	Does cellular respiration produce carbon dioxide?	YES
q444	ctx034	Do plants carry out both processes?	YES
q445	ctx034	Do animals carry out photosynthesis?	NO
q446	ctx034	Does photosynthesis require sunlight?	YES
q447	ctx034	Does cellular respiration produce ATP?	YES
q448	ctx034	Do these processes maintain atmospheric gas balance?	YES
q449	ctx035	Is the stock market where shares are traded?	YES
q450	ctx035	Does a stock represent company ownership?	YES
q451	ctx035	Do stock prices fluctuate based on supply and demand?	YES
q452	ctx035	Is the NYSE a stock exchange?	YES
q453	ctx035	Do investors hope stocks will rise in price?	YES
q454	ctx035	Do companies pay dividends?	YES
q455	ctx035	Does the S&P 500 track stock performance?	YES
q456	ctx035	Is the Dow Jones Industrial Average a stock index?	YES
q457	ctx035	Are stock prices influenced by economic conditions?	YES
q458	ctx035	Can stock prices be affected by global events?	YES
q459	ctx036	Do viruses only replicate inside host cells?	YES
q460	ctx036	Do viruses consist of genetic material and a protein coat?	YES
q461	ctx036	Can viruses infect plants?	YES
q462	ctx036	Do viruses hijack cellular machinery?	YES
q463	ctx036	Does a virus often destroy the host cell?	YES
q464	ctx036	Is influenza a viral disease?	YES
q465	ctx036	Can vaccines prevent viral infections?	YES
q466	ctx036	Are viruses considered living organisms?	NO
q467	ctx036	Do viruses have DNA or RNA?	YES
q468	ctx036	Can viruses infect bacteria?	YES
q469	ctx037	Did Renaissance art emphasize realism?	YES
q470	ctx037	Was Leonardo da Vinci a Renaissance artist?	YES
q471	ctx037	Is the Mona Lisa famous?	YES
q472	ctx037	Did Michelangelo sculpt David?	YES
q473	ctx037	Did Michelangelo paint the Sistine Chapel ceiling?	YES
q474	ctx037	Did Renaissance artists develop linear perspective?	YES
q475	ctx037	Did artists study anatomy?	YES
q476	ctx037	Was oil painting popular during the Renaissance?	YES
q477	ctx037	Did Renaissance art influence Western art?	YES
q478	ctx037	Was Raphael a Renaissance artist?	YES
q479	ctx038	Are biomes large ecological areas?	YES
q480	ctx038	Do biomes have similar climate conditions?	YES
q481	ctx038	Are tropical rainforests a type of biome?	YES
q482	ctx038	Do tropical rainforests have high rainfall?	YES
q483	ctx038	Do deserts receive little precipitation?	YES
q484	ctx038	Are grasslands characterized by trees?	NO
q485	ctx038	Are tundras cold?	YES
q486	ctx038	Do tundras have permafrost?	YES
q487	ctx038	Are there aquatic biomes?	YES
q488	ctx038	Are coral reefs marine ecosystems?	YES
q489	ctx039	Is binary code based on 0 and 1?	YES
q490	ctx039	Is a bit a binary digit?	YES
q491	ctx039	Are eight bits a byte?	YES
q492	ctx039	Do computers use binary?	YES
q493	ctx039	Can binary represent on and off states?	YES
q494	ctx039	Is all digital data stored as binary?	YES
q495	ctx039	Does ASCII map binary to characters?	YES
q496	ctx039	Is 'A' represented by 01000001 in ASCII?	YES
q497	ctx039	Is binary understanding important for programming?	YES
q498	ctx039	Does binary arithmetic use only two digits?	YES
q499	ctx040	Does the cardiovascular system include the heart?	YES
q500	ctx040	Do arteries carry blood away from the heart?	YES
q501	ctx040	Do arteries carry oxygenated blood?	YES
q502	ctx040	Do veins return blood to the heart?	YES
q503	ctx040	Do capillaries exchange gases?	YES
q504	ctx040	Does blood contain plasma?	YES
q505	ctx040	Do red blood cells carry oxygen?	YES
q506	ctx040	Do white blood cells fight infection?	YES
q507	ctx040	Do platelets help with clotting?	YES
q508	ctx040	Does the heart create blood pressure?	YES
q501	ctx041	Does Emma go to the library on a weekend?	NO
q502	ctx041	Does Emma go to the library on a weekday?	YES
q501	ctx041	Does Emma go to the library on a weekend?	NO
q502	ctx041	Does Emma go to the library on a weekday?	YES
q503	ctx041	Does Emma find a fiction book?	YES
q504	ctx041	Does Emma find a non-fiction book?	NO
q505	ctx041	Does Emma sit by a window?	YES
q506	ctx041	Does an elderly man read a newspaper?	YES
q507	ctx041	Does Emma exchange smiles with the elderly man?	YES
q508	ctx041	Does Emma read for an hour?	YES
q509	ctx041	Does Emma receive a text message?	YES
q510	ctx041	Does Emma check out more than one book?	YES
q511	ctx041	Does Emma check out exactly one book?	NO
q512	ctx041	Does Emma check out three additional books?	YES
q513	ctx041	Does the librarian stamp due dates?	YES
q514	ctx041	Does Emma leave with a stack of books?	YES
q515	ctx041	Is Emma female?	YES
q516	ctx041	Is the elderly man male?	YES
q517	ctx041	Does Emma read during the day?	YES
q518	ctx041	Does Emma go to the library in the morning?	NO
q519	ctx041	Does Emma go to the library in the afternoon?	YES
q520	ctx041	Does Emma find a mystery novel?	YES
q521	ctx042	Does Chen cook dinner for his roommates?	YES
q522	ctx042	Does Chen shop at a grocery store?	YES
q523	ctx042	Does Chen buy fresh vegetables?	YES
q524	ctx042	Does Chen buy chicken breast?	YES
q525	ctx042	Does Chen buy rice?	YES
q526	ctx042	Does Chen buy wine?	YES
q527	ctx042	Does Chen have more than one roommate?	YES
q528	ctx042	Does Sarah help with cooking?	YES
q529	ctx042	Does Chen sauté the chicken?	YES
q530	ctx042	Does the group eat together?	YES
q531	ctx042	Does Chen do the dishes?	YES
q532	ctx042	Does Chen live alone?	NO
q533	ctx042	Does Chen work during the day?	YES
q534	ctx042	Does Chen marinate the chicken?	YES
q535	ctx042	Does the group sit at the kitchen table?	YES
q536	ctx042	Does Sarah arrive home first?	NO
q537	ctx042	Do the other roommates arrive during cooking?	YES
q538	ctx042	Does Chen cook on a stove?	YES
q539	ctx043	Does the hiking group meet at 7 AM?	YES
q540	ctx043	Is there a guide in the group?	YES
q541	ctx043	Is the guide's name Mark?	YES
q542	ctx043	Are there six people in the group?	YES
q543	ctx043	Does the group hike up a mountain?	YES
q544	ctx043	Is Lisa the youngest hiker?	YES
q545	ctx043	Does Lisa get tired?	YES
q546	ctx043	Does Mark adjust the pace?	YES
q547	ctx043	Does the group reach the summit?	YES
q548	ctx043	Does the hike take three hours to reach the summit?	YES
q549	ctx043	Does the descent take two hours?	YES
q550	ctx043	Does the group eat lunch at the summit?	YES
q551	ctx043	Do they take photos?	YES
q552	ctx043	Is there a scenic overlook?	YES
q553	ctx043	Do they see wildflowers?	YES
q554	ctx043	Do they see valleys and lakes?	YES
q555	ctx043	Is the hike on a weekday?	NO
q556	ctx043	Is the hike on a Saturday?	YES
q557	ctx043	Does the group start with an easy pace?	YES
q558	ctx043	Does the trail become steeper?	YES
q559	ctx043	Does the trail become rockier?	YES
q560	ctx044	Does Jessica arrive at a concert venue?	YES
q561	ctx044	Is the concert outdoors?	YES
q562	ctx044	Does Jessica arrive two hours before the show?	YES
q563	ctx044	Does Jessica have friends with her?	YES
q564	ctx044	Do they spread blankets on the grass?	YES
q565	ctx044	Is there an opening band?	YES
q566	ctx044	Does the opening band play for 45 minutes?	YES
q567	ctx044	Is there an intermission?	YES
q568	ctx044	Does the intermission last 30 minutes?	YES
q569	ctx044	Is there a headlining band?	YES
q570	ctx044	Does the headlining band play for 2.5 hours?	YES
q571	ctx044	Does the lead singer ask for phone flashlights?	YES
q572	ctx044	Does the band play old favorites?	YES
q573	ctx044	Does the band play new songs?	YES
q574	ctx044	Is there an encore?	YES
q575	ctx044	Do they leave the concert happy?	YES
q576	ctx044	Does the concert happen at night?	YES
q577	ctx044	Is Jessica female?	YES
q578	ctx044	Does the crowd cheer?	YES
q579	ctx045	Does Maya work from home?	YES
q580	ctx045	Does Maya start at 8:30 AM?	YES
q581	ctx045	Does Maya check emails first?	YES
q582	ctx045	Does Maya have a video conference call?	YES
q583	ctx045	Is the call at 10 AM?	YES
q584	ctx045	Does Maya have a dog?	YES
q585	ctx045	Is the dog's name Buster?	YES
q586	ctx045	Does the dog bark?	YES
q587	ctx045	Does a delivery person come?	YES
q588	ctx045	Does Maya mute her microphone?	YES
q589	ctx045	Does Maya work on a presentation?	YES
q590	ctx045	Does Maya take breaks?	YES
q591	ctx045	Does Maya do laundry?	YES
q592	ctx045	Does Maya prepare lunch?	YES
q593	ctx045	Does Maya have a daughter?	YES
q594	ctx045	Does her daughter come home from school?	YES
q595	ctx045	Does Maya help with homework?	YES
q596	ctx045	Does Maya finish work at 6 PM?	YES
q597	ctx045	Does Maya have a home office?	YES
q598	ctx045	Is Maya female?	YES
q599	ctx045	Does Maya work alone?	NO
q600	ctx045	Does Maya have a team call?	YES
q601	ctx046	Does the class go on a field trip?	YES
q602	ctx046	Is it a third-grade class?	YES
q603	ctx046	Is the teacher's name Mrs. Rodriguez?	YES
q604	ctx046	Do they go to a science museum?	YES
q605	ctx046	Do they ride a school bus?	YES
q606	ctx046	Do they leave at 9 AM?	YES
q607	ctx046	Is there a guide at the museum?	YES
q608	ctx046	Do they see dinosaur skeletons?	YES
q609	ctx046	Do they see a T-Rex?	YES
q610	ctx046	Do they explore a space exhibit?	YES
q611	ctx046	Do they touch moon rocks?	YES
q612	ctx046	Do they eat lunch at the museum?	YES
q613	ctx046	Is there a discovery room?	YES
q614	ctx046	Is the discovery room hands-on?	YES
q615	ctx046	Do they return at 2 PM?	YES
q616	ctx046	Do the students sing songs on the bus?	YES
q617	ctx046	Is the field trip on a Thursday?	YES
q618	ctx046	Do the students ask many questions?	YES
q619	ctx046	Are the children excited?	YES
q620	ctx047	Does Sarah start a vegetable garden?	YES
q621	ctx047	Does Sarah start in the spring?	YES
q622	ctx047	Does Sarah clear an area behind the garage?	YES
q623	ctx047	Does Sarah buy compost?	YES
q624	ctx047	Does Sarah buy garden soil?	YES
q625	ctx047	Does Sarah mix soil into the dirt?	YES
q626	ctx047	Does Sarah plant tomato seedlings?	YES
q627	ctx047	Does Sarah plant cucumber seedlings?	YES
q628	ctx047	Does Sarah plant pepper seedlings?	YES
q629	ctx047	Does Sarah place markers next to plants?	YES
q630	ctx047	Does Sarah water the garden every morning?	YES
q631	ctx047	Does a neighbor give advice?	YES
q632	ctx047	Is the neighbor's name Mr. Thompson?	YES
q633	ctx047	Does Sarah harvest vegetables by mid-summer?	YES
q634	ctx047	Does Sarah share produce with neighbors?	YES
q635	ctx047	Is Sarah female?	YES
q636	ctx047	Does Mr. Thompson give advice about pruning?	YES
q637	ctx047	Does Sarah check for pests?	YES
q638	ctx048	Does Ethan learn to swim?	YES
q639	ctx048	Does Ethan take adult swimming lessons?	YES
q640	ctx048	Is the instructor's name Coach Maria?	YES
q641	ctx048	Do lessons start in shallow water?	YES
q642	ctx048	Does Ethan learn to float?	YES
q643	ctx048	Is Ethan nervous at first?	YES
q644	ctx048	Is Coach Maria patient?	YES
q645	ctx048	Does Ethan learn kicking and arm strokes?	YES
q646	ctx048	Are there other students in the class?	YES
q647	ctx048	Do lessons last six weeks?	YES
q648	ctx048	Does Ethan swim a full lap by the end?	YES
q649	ctx048	Does Ethan show off his skills to friends?	YES
q650	ctx048	Does Ethan go to a pool with friends?	YES
q651	ctx048	Is Ethan male?	YES
q652	ctx048	Are there beginner and intermediate students?	YES
q653	ctx048	Does Ethan improve over time?	YES
q654	ctx049	Does Rachel have a garage sale?	YES
q655	ctx049	Does Rachel live in a neighborhood?	YES
q656	ctx049	Is the garage sale on Saturday?	YES
q657	ctx049	Does Rachel sort through her attic?	YES
q658	ctx049	Does Rachel sort through her garage?	YES
q659	ctx049	Does Rachel find old clothes?	YES
q660	ctx049	Does Rachel find books?	YES
q661	ctx049	Does Rachel find kitchen appliances?	YES
q662	ctx049	Does Rachel find children's toys?	YES
q663	ctx049	Does Rachel have kids?	YES
q664	ctx049	Does Rachel price items on Friday?	YES
q665	ctx049	Do people arrive early?	YES
q666	ctx049	Does a young couple buy a vintage dresser?	YES
q667	ctx049	Does a collector buy comic books?	YES
q668	ctx049	Does a neighbor bring lemonade?	YES
q669	ctx049	Is Rachel female?	YES
q670	ctx049	Does Rachel make over $400?	YES
q671	ctx049	Does Rachel donate remaining items?	YES
q672	ctx049	Does the sale go until 4 PM?	YES
q673	ctx049	Do people arrive at 7 AM?	YES
q674	ctx050	Does James take a train journey?	YES
q675	ctx050	Does James go from Chicago to New York?	YES
q676	ctx050	Does the journey take about 19 hours?	YES
q677	ctx050	Does James board at Grand Central Station?	YES
q678	ctx050	Does James have a suitcase?	YES
q679	ctx050	Does James have a backpack?	YES
q680	ctx050	Does James bring snacks?	YES
q681	ctx050	Does James sit in the observation car?	YES
q682	ctx050	Does the observation car have large windows?	YES
q683	ctx050	Does the train depart on time?	YES
q684	ctx050	Does James read a book?	YES
q685	ctx050	Does James visit the dining car?	YES
q686	ctx050	Does James eat lunch?	YES
q687	ctx050	Does James talk to an elderly woman?	YES
q688	ctx050	Is the woman traveling to visit grandchildren?	YES
q689	ctx050	Does James convert his seat into a bed?	YES
q690	ctx050	Does James watch the sunrise?	YES
q691	ctx050	Does the train arrive in New York late morning?	YES
q692	ctx050	Is James male?	YES
q693	ctx050	Does James have business meetings?	YES
q694	ctx050	Does James feel rested upon arrival?	YES
q695	ctx050	Does James travel alone?	YES
q696	ctx051	Is the family's last name Wilson?	YES
q697	ctx051	Is there a father in the family?	YES
q698	ctx051	Is there a mother in the family?	YES
q699	ctx051	Is Mr. Wilson the father?	YES
q700	ctx051	Is Mrs. Wilson the mother?	YES
q701	ctx051	Is Emma a child in the family?	YES
q702	ctx051	Is Lucas a child in the family?	YES
q703	ctx051	Is Emma older than Lucas?	YES
q704	ctx051	Is Emma 10 years old?	YES
q705	ctx051	Is Lucas 8 years old?	YES
q706	ctx051	Is Mr. Wilson male?	YES
q707	ctx051	Is Mrs. Wilson female?	YES
q708	ctx051	Is Emma female?	YES
q709	ctx051	Is Lucas male?	YES
q710	ctx051	Are there four family members?	YES
q711	ctx051	Are there two children in the family?	YES
q712	ctx051	Does the family live in San Francisco?	YES
q713	ctx051	Is their destination Lake Tahoe?	YES
q714	ctx051	Is this a summer vacation?	YES
q715	ctx051	Is the vacation one week long?	YES
q716	ctx051	Do they leave at 6 AM?	YES
q717	ctx051	Do they leave on Saturday?	YES
q718	ctx051	Does Mr. Wilson drive?	YES
q719	ctx051	Does Mrs. Wilson navigate?	YES
q720	ctx051	Does the drive take about four hours?	YES
q721	ctx051	Do they stop for breakfast?	YES
q722	ctx051	Do they stop at a roadside diner?	YES
q723	ctx051	Do they arrive at the campsite?	YES
q724	ctx051	Do they have a reserved spot?	YES
q725	ctx051	Is the campsite near the lake?	YES
q726	ctx051	Do they set up their tent?	YES
q727	ctx051	Do they set up camp chairs?	YES
q728	ctx051	Is the weather perfect?	YES
q729	ctx051	Are there clear blue skies?	YES
q730	ctx051	Is there a gentle breeze?	YES
q731	ctx051	Does the breeze come off the water?	YES
q732	ctx051	Do they spend the afternoon swimming?	YES
q733	ctx051	Do they swim in the lake?	YES
q734	ctx051	Do they relax on the beach?	YES
q735	ctx051	Do Mr. Wilson and Lucas go fishing?	YES
q736	ctx051	Do they fish off a pier?	YES
q737	ctx051	Do they catch fish?	YES
q738	ctx051	Do they catch small trout?	YES
q739	ctx051	Do they release the fish?	YES
q740	ctx051	Do they release them back into the water?	YES
q741	ctx051	Do they go hiking on Sunday?	YES
q742	ctx051	Do they follow a trail?	YES
q743	ctx051	Do they go through pine forests?	YES
q744	ctx051	Do they find a waterfall?	YES
q745	ctx051	Do they eat a picnic lunch?	YES
q746	ctx051	Does Emma find interesting rocks?	YES
q747	ctx051	Does Emma collect rocks?	YES
q748	ctx051	Does Emma collect things in a bag?	YES
q749	ctx051	Does Emma find wildflowers?	YES
q750	ctx051	Does Emma collect wildflowers?	YES
q751	ctx051	Is Monday cloudy?	YES
q752	ctx051	Do they visit a nearby town?	YES
q753	ctx051	Do they go souvenir shopping?	YES
q754	ctx051	Do they get ice cream?	YES
q755	ctx051	Does Mrs. Wilson buy a hand-carved wooden bear?	YES
q756	ctx051	Do the children choose colorful postcards?	YES
q757	ctx051	Do they send postcards to friends?	YES
q758	ctx051	Do they rent a small boat on Tuesday?	YES
q759	ctx051	Do they explore different parts of the lake?	YES
q760	ctx051	Do they reach parts they couldn't reach from shore?	YES
q761	ctx051	Do they see ducks?	YES
q762	ctx051	Do they see geese?	YES
q763	ctx051	Do they see a bald eagle?	YES
q764	ctx051	Does the bald eagle soar above the water?	YES
q765	ctx051	Do they have evening campfires?	YES
q766	ctx051	Do they roast marshmallows?	YES
q767	ctx051	Do they tell stories?	YES
q768	ctx051	Do they pack up on Friday morning?	YES
q769	ctx051	Do they clean the campsite?	YES
q770	ctx051	Do they clean thoroughly?	YES
q771	ctx051	Do they leave no trash behind?	YES
q772	ctx051	Do they drive back home?	YES
q773	ctx051	Is the drive back quieter?	YES
q774	ctx051	Do they arrive home in the late afternoon?	YES
q775	ctx051	Are they tired from the vacation?	YES
q776	ctx051	Are they happy from the vacation?	YES
q777	ctx051	Do they immediately begin unpacking?	YES
q778	ctx051	Do they do laundry?	YES
q779	ctx051	Does Mrs. Wilson take photos?	YES
q780	ctx051	Does the family look through photos in the evening?	YES
q781	ctx051	Does the family plan their next camping trip?	YES
q782	ctx051	Do they plan together?	YES
q783	ctx051	Is the family already planning another trip?	YES
q784	ctx051	Do they stay in a hotel?	NO
q785	ctx051	Is the vacation in winter?	NO
q786	ctx051	Is the vacation in spring?	NO
q787	ctx051	Is the vacation in fall?	NO
q788	ctx051	Do they fly to Lake Tahoe?	NO
q789	ctx051	Do they take a train?	NO
q790	ctx051	Do they take a bus?	NO
q791	ctx051	Do they stay in a cabin?	NO
q792	ctx051	Do they rent an RV?	NO
q793	ctx051	Is the weather bad?	NO
q794	ctx051	Is it raining?	NO
q795	ctx051	Is it storming?	NO
q796	ctx051	Do they get lost?	NO
q797	ctx051	Do they have car trouble?	NO
q798	ctx051	Does anyone get hurt?	NO
q799	ctx051	Does anyone get sick?	NO
q800	ctx051	Does the vacation last more than a week?	NO
q801	ctx051	Does the vacation last less than a week?	NO
q802	ctx051	Do they go alone?	NO
q803	ctx051	Do they bring other families?	NO
q804	ctx051	Do they bring grandparents?	NO
q805	ctx051	Does the Wilson family enjoy their vacation?	YES
q806	ctx051	Does the vacation involve outdoor activities?	YES
q807	ctx051	Do the children participate in activities?	YES
q808	ctx051	Does the family spend time together?	YES
q809	ctx051	Does the Wilson family enjoy their vacation?	YES
q810	ctx051	Does the vacation involve outdoor activities?	YES
q811	ctx051	Do the children participate in activities?	YES
q812	ctx051	Does the family spend time together?	YES
q813	ctx051	Does the Wilson family enjoy their vacation?	YES
q814	ctx051	Does the vacation involve outdoor activities?	YES
q815	ctx051	Do the children participate in activities?	YES
q816	ctx051	Does the family spend time together?	YES
q817	ctx051	Does the Wilson family enjoy their vacation?	YES
q818	ctx051	Does the vacation involve outdoor activities?	YES
q819	ctx051	Do the children participate in activities?	YES
q820	ctx051	Does the family spend time together?	YES
q821	ctx051	Does the Wilson family enjoy their vacation?	YES
q822	ctx051	Does the vacation involve outdoor activities?	YES
q823	ctx051	Do the children participate in activities?	YES
q824	ctx051	Does the family spend time together?	YES
q825	ctx051	Does the Wilson family enjoy their vacation?	YES
q826	ctx051	Does the vacation involve outdoor activities?	YES
q827	ctx051	Do the children participate in activities?	YES
q828	ctx051	Does the family spend time together?	YES
q829	ctx051	Does the Wilson family enjoy their vacation?	YES
q830	ctx051	Does the vacation involve outdoor activities?	YES
q831	ctx051	Do the children participate in activities?	YES
q832	ctx051	Does the family spend time together?	YES
q833	ctx051	Does the Wilson family enjoy their vacation?	YES
q834	ctx051	Does the vacation involve outdoor activities?	YES
q835	ctx051	Do the children participate in activities?	YES
q836	ctx051	Does the family spend time together?	YES
q837	ctx051	Does the Wilson family enjoy their vacation?	YES
q838	ctx051	Does the vacation involve outdoor activities?	YES
q839	ctx051	Do the children participate in activities?	YES
q840	ctx051	Does the family spend time together?	YES
q841	ctx051	Does the Wilson family enjoy their vacation?	YES
q842	ctx051	Does the vacation involve outdoor activities?	YES
q843	ctx051	Do the children participate in activities?	YES
q844	ctx051	Does the family spend time together?	YES
q845	ctx051	Does the Wilson family enjoy their vacation?	YES
q846	ctx051	Does the vacation involve outdoor activities?	YES
q847	ctx051	Do the children participate in activities?	YES
q848	ctx051	Does the family spend time together?	YES
q849	ctx051	Does the Wilson family enjoy their vacation?	YES
q850	ctx051	Does the vacation involve outdoor activities?	YES
q851	ctx051	Do the children participate in activities?	YES
q852	ctx051	Does the family spend time together?	YES
q853	ctx051	Does the Wilson family enjoy their vacation?	YES
q854	ctx051	Does the vacation involve outdoor activities?	YES
q855	ctx051	Do the children participate in activities?	YES
q856	ctx051	Does the family spend time together?	YES
q857	ctx051	Does the Wilson family enjoy their vacation?	YES
q858	ctx051	Does the vacation involve outdoor activities?	YES
q859	ctx051	Do the children participate in activities?	YES
q860	ctx051	Does the family spend time together?	YES
q861	ctx051	Does the Wilson family enjoy their vacation?	YES
q862	ctx051	Does the vacation involve outdoor activities?	YES
q863	ctx051	Do the children participate in activities?	YES
q864	ctx051	Does the family spend time together?	YES
q865	ctx051	Does the Wilson family enjoy their vacation?	YES
q866	ctx051	Does the vacation involve outdoor activities?	YES
q867	ctx051	Do the children participate in activities?	YES
q868	ctx051	Does the family spend time together?	YES
q869	ctx051	Does the Wilson family enjoy their vacation?	YES
q870	ctx051	Does the vacation involve outdoor activities?	YES
q871	ctx051	Do the children participate in activities?	YES
q872	ctx051	Does the family spend time together?	YES
q873	ctx051	Does the Wilson family enjoy their vacation?	YES
q874	ctx051	Does the vacation involve outdoor activities?	YES
q875	ctx051	Do the children participate in activities?	YES
q876	ctx051	Does the family spend time together?	YES
q877	ctx051	Does the Wilson family enjoy their vacation?	YES
q878	ctx051	Does the vacation involve outdoor activities?	YES
q879	ctx051	Do the children participate in activities?	YES
q880	ctx051	Does the family spend time together?	YES
q881	ctx051	Does the Wilson family enjoy their vacation?	YES
q882	ctx051	Does the vacation involve outdoor activities?	YES
q883	ctx051	Do the children participate in activities?	YES
q884	ctx051	Does the family spend time together?	YES
q885	ctx051	Does the Wilson family enjoy their vacation?	YES
q886	ctx051	Does the vacation involve outdoor activities?	YES
q887	ctx051	Do the children participate in activities?	YES
q888	ctx051	Does the family spend time together?	YES
q889	ctx051	Does the Wilson family enjoy their vacation?	YES
q890	ctx051	Does the vacation involve outdoor activities?	YES
q891	ctx051	Do the children participate in activities?	YES
q892	ctx051	Does the family spend time together?	YES
q893	ctx051	Does the Wilson family enjoy their vacation?	YES
q894	ctx051	Does the vacation involve outdoor activities?	YES
q895	ctx051	Do the children participate in activities?	YES
q896	ctx051	Does the family spend time together?	YES
q897	ctx051	Does the Wilson family enjoy their vacation?	YES
q898	ctx051	Does the vacation involve outdoor activities?	YES
q899	ctx051	Do the children participate in activities?	YES
q900	ctx051	Does the family spend time together?	YES
q901	ctx051	Does the Wilson family enjoy their vacation?	YES
q902	ctx051	Does the vacation involve outdoor activities?	YES
q903	ctx051	Do the children participate in activities?	YES
q904	ctx051	Does the family spend time together?	YES
q905	ctx051	Does the Wilson family enjoy their vacation?	YES
q906	ctx051	Does the vacation involve outdoor activities?	YES
q907	ctx051	Do the children participate in activities?	YES
q908	ctx051	Does the family spend time together?	YES
q909	ctx051	Does the Wilson family enjoy their vacation?	YES
q910	ctx051	Does the vacation involve outdoor activities?	YES
q911	ctx051	Do the children participate in activities?	YES
q912	ctx051	Does the family spend time together?	YES
q913	ctx051	Does the Wilson family enjoy their vacation?	YES
q914	ctx051	Does the vacation involve outdoor activities?	YES
q915	ctx051	Do the children participate in activities?	YES
q916	ctx051	Does the family spend time together?	YES
q917	ctx051	Does the Wilson family enjoy their vacation?	YES
q918	ctx051	Does the vacation involve outdoor activities?	YES
q919	ctx051	Do the children participate in activities?	YES
q920	ctx051	Does the family spend time together?	YES
q921	ctx051	Does the Wilson family enjoy their vacation?	YES
q922	ctx051	Does the vacation involve outdoor activities?	YES
q923	ctx051	Do the children participate in activities?	YES
q924	ctx051	Does the family spend time together?	YES
q925	ctx051	Does the Wilson family enjoy their vacation?	YES
q926	ctx051	Does the vacation involve outdoor activities?	YES
q927	ctx051	Do the children participate in activities?	YES
q928	ctx051	Does the family spend time together?	YES
q929	ctx051	Does the Wilson family enjoy their vacation?	YES
q930	ctx051	Does the vacation involve outdoor activities?	YES
q931	ctx051	Do the children participate in activities?	YES
q932	ctx051	Does the family spend time together?	YES
q933	ctx051	Does the Wilson family enjoy their vacation?	YES
q934	ctx051	Does the vacation involve outdoor activities?	YES
q935	ctx051	Do the children participate in activities?	YES
q936	ctx051	Does the family spend time together?	YES
q937	ctx051	Does the Wilson family enjoy their vacation?	YES
q938	ctx051	Does the vacation involve outdoor activities?	YES
q939	ctx051	Do the children participate in activities?	YES
q940	ctx051	Does the family spend time together?	YES
q941	ctx051	Does the Wilson family enjoy their vacation?	YES
q942	ctx051	Does the vacation involve outdoor activities?	YES
q943	ctx051	Do the children participate in activities?	YES
q944	ctx051	Does the family spend time together?	YES
q945	ctx051	Does the Wilson family enjoy their vacation?	YES
q946	ctx051	Does the vacation involve outdoor activities?	YES
q947	ctx051	Do the children participate in activities?	YES
q948	ctx051	Does the family spend time together?	YES
q949	ctx051	Does the Wilson family enjoy their vacation?	YES
q950	ctx051	Does the vacation involve outdoor activities?	YES
q951	ctx051	Do the children participate in activities?	YES
q952	ctx051	Does the family spend time together?	YES
q953	ctx051	Does the Wilson family enjoy their vacation?	YES
q954	ctx051	Does the vacation involve outdoor activities?	YES
q955	ctx051	Do the children participate in activities?	YES
q956	ctx051	Does the family spend time together?	YES
q957	ctx051	Does the Wilson family enjoy their vacation?	YES
q958	ctx051	Does the vacation involve outdoor activities?	YES
q959	ctx051	Do the children participate in activities?	YES
q960	ctx051	Does the family spend time together?	YES
q961	ctx051	Does the Wilson family enjoy their vacation?	YES
q962	ctx051	Does the vacation involve outdoor activities?	YES
q963	ctx051	Do the children participate in activities?	YES
q964	ctx051	Does the family spend time together?	YES
q965	ctx051	Does the Wilson family enjoy their vacation?	YES
q966	ctx051	Does the vacation involve outdoor activities?	YES
q967	ctx051	Do the children participate in activities?	YES
q968	ctx051	Does the family spend time together?	YES
q969	ctx051	Does the Wilson family enjoy their vacation?	YES
q970	ctx051	Does the vacation involve outdoor activities?	YES
q971	ctx051	Do the children participate in activities?	YES
q972	ctx051	Does the family spend time together?	YES
q973	ctx051	Does the Wilson family enjoy their vacation?	YES
q974	ctx051	Does the vacation involve outdoor activities?	YES
q975	ctx051	Do the children participate in activities?	YES
q976	ctx051	Does the family spend time together?	YES
q977	ctx051	Does the Wilson family enjoy their vacation?	YES
q978	ctx051	Does the vacation involve outdoor activities?	YES
q979	ctx051	Do the children participate in activities?	YES
q980	ctx051	Does the family spend time together?	YES
q981	ctx051	Does the Wilson family enjoy their vacation?	YES
q982	ctx051	Does the vacation involve outdoor activities?	YES
q983	ctx051	Do the children participate in activities?	YES
q984	ctx051	Does the family spend time together?	YES
q985	ctx051	Does the Wilson family enjoy their vacation?	YES
q986	ctx051	Does the vacation involve outdoor activities?	YES
q987	ctx051	Do the children participate in activities?	YES
q988	ctx051	Does the family spend time together?	YES
q989	ctx051	Does the Wilson family enjoy their vacation?	YES
q990	ctx051	Does the vacation involve outdoor activities?	YES
q991	ctx051	Do the children participate in activities?	YES
q992	ctx051	Does the family spend time together?	YES
q993	ctx051	Does the Wilson family enjoy their vacation?	YES
q994	ctx051	Does the vacation involve outdoor activities?	YES
q995	ctx051	Do the children participate in activities?	YES
q996	ctx051	Does the family spend time together?	YES
q997	ctx051	Does the Wilson family enjoy their vacation?	YES
q998	ctx051	Does the vacation involve outdoor activities?	YES
q999	ctx051	Do the children participate in activities?	YES
q1000	ctx051	Does the family spend time together?	YES
q1001	ctx051	Does the Wilson family enjoy their vacation?	YES
q1002	ctx051	Does the vacation involve outdoor activities?	YES
q1003	ctx051	Do the children participate in activities?	YES
q1004	ctx051	Does the family spend time together?	YES
